{
    "distance_to_goal": 8.646953339441882,
    "success": 0.14910025706940874,
    "spl": 0.1247091727260699,
    "ndtw": 0.03319416746982225,
    "path_length": 9.276074114789568,
    "oracle_success": 0.18123393316195371,
    "steps_taken": 96.16066838046272
}